{"cameraMode":{"drawMode":0,"name":"Shaded","section":"Shading Mode"},"sceneLighting":true,"audioPlay":false,"sceneViewState":{"showFog":true,"showMaterialUpdate":false,"showSkybox":true,"showFlares":true,"showImageEffects":true,"showParticleSystems":true,"showVisualEffectGraphs":true,"m_FxEnabled":true},"in2DMode":false,"pivot":{"x":1093.1710205078125,"y":187.48777770996095,"z":254.5448455810547},"rotation":{"x":-0.27601808309555056,"y":-0.24842646718025208,"z":0.07406678795814514,"w":-0.9255790114402771},"size":13.807578086853028,"orthographic":false}