{"cameraMode":{"drawMode":0,"name":"Shaded","section":"Shading Mode"},"sceneLighting":false,"audioPlay":false,"sceneViewState":{"showFog":true,"showMaterialUpdate":false,"showSkybox":false,"showFlares":true,"showImageEffects":true,"showParticleSystems":true,"showVisualEffectGraphs":true,"m_FxEnabled":true},"in2DMode":false,"pivot":{"x":1.2780187129974366,"y":2.813418388366699,"z":0.10445022583007813},"rotation":{"x":0.03299247473478317,"y":0.011974700726568699,"z":-0.00040036506834439933,"w":0.9993935823440552},"size":4.882451057434082,"orthographic":false}