{"cameraMode":{"drawMode":0,"name":"Shaded","section":"Shading Mode"},"sceneLighting":false,"audioPlay":false,"sceneViewState":{"showFog":true,"showMaterialUpdate":false,"showSkybox":false,"showFlares":true,"showImageEffects":true,"showParticleSystems":true,"showVisualEffectGraphs":true,"m_FxEnabled":true},"in2DMode":false,"pivot":{"x":0.11589103937149048,"y":-0.7173850536346436,"z":0.18211698532104493},"rotation":{"x":-0.1357046216726303,"y":-0.09911492466926575,"z":0.013635562732815743,"w":-0.9857158064842224},"size":1.5980404615402222,"orthographic":false}