{"cameraMode":{"drawMode":0,"name":"Shaded","section":"Shading Mode"},"sceneLighting":false,"audioPlay":false,"sceneViewState":{"showFog":true,"showMaterialUpdate":false,"showSkybox":false,"showFlares":true,"showImageEffects":true,"showParticleSystems":true,"showVisualEffectGraphs":true,"m_FxEnabled":true},"in2DMode":false,"pivot":{"x":1075.9300537109375,"y":80.3002700805664,"z":-15.220322608947754},"rotation":{"x":-0.10958274453878403,"y":-0.013134862296283245,"z":0.0014270953834056855,"w":-0.9939125776290894},"size":2.0335869789123537,"orthographic":false}