{"cameraMode":{"drawMode":0,"name":"Shaded","section":"Shading Mode"},"sceneLighting":false,"audioPlay":false,"sceneViewState":{"showFog":true,"showMaterialUpdate":false,"showSkybox":false,"showFlares":true,"showImageEffects":true,"showParticleSystems":true,"showVisualEffectGraphs":true,"m_FxEnabled":true},"in2DMode":false,"pivot":{"x":1.814769983291626,"y":-0.3855482339859009,"z":-0.11401546001434326},"rotation":{"x":0.16373547911643983,"y":0.5145934224128723,"z":-0.10084109753370285,"w":0.8356047868728638},"size":2.4532244205474855,"orthographic":false}